Date,Total Followers,New Followers,Organic Followers,Organic New Followers,Paid Followers,Paid New Followers,Employee Followers,Employee New Followers,Non-employee Followers,Non-employee New Followers,Likes,Shares,Comments,Impressions,Reach,Clicks,Engagement
09 Jun'26,99012,0,0,0,0,0,533,0,0,0,8,0,0,330,116,5,0E-8
08 Jun'26,98956,0,0,0,0,0,533,1,0,0,5,0,0,605,173,38,0E-8
07 Jun'26,98937,20,0,20,0,0,532,0,0,0,2,0,0,334,146,17,0E-8
06 Jun'26,98916,23,0,23,0,0,532,-1,0,0,7,1,0,511,182,19,0E-8
05 Jun'26,98897,36,0,36,0,0,533,0,0,0,27,1,0,1282,711,50,0E-8
04 Jun'26,98876,64,0,64,0,0,533,1,0,0,6,0,0,589,193,18,0E-8
03 Jun'26,98807,33,0,33,0,0,532,0,0,0,21,0,0,1137,515,29,0E-8
02 Jun'26,98765,48,0,48,0,0,532,0,0,0,0,0,0,420,121,16,0E-8
01 Jun'26,98716,43,0,43,0,0,532,1,0,0,6,0,0,555,166,20,0E-8
31 May'26,98663,40,0,40,0,0,531,3,0,0,1,0,0,251,98,10,0E-8
30 May'26,98627,29,0,29,0,0,528,0,0,0,8,0,0,426,148,61,0E-8
29 May'26,98610,63,0,63,0,0,528,3,0,0,23,0,0,892,446,30,0E-8
28 May'26,98510,108,0,108,0,0,525,0,0,0,5,0,0,511,186,12,0E-8
27 May'26,98424,49,0,49,0,0,525,0,0,0,4,0,0,467,146,20,0E-8
26 May'26,98395,26,0,26,0,0,525,0,0,0,9,0,0,954,267,15,0E-8
25 May'26,98375,68,0,68,0,0,525,0,0,0,17,0,1,1138,532,18,0E-8
24 May'26,98267,146,0,146,0,0,525,0,0,0,5,0,0,400,154,9,0E-8
23 May'26,98108,171,0,171,0,0,525,0,0,0,4,0,0,539,211,27,0E-8
22 May'26,97916,436,0,436,0,0,525,-1,0,0,17,0,0,1432,691,59,0E-8
21 May'26,97364,409,0,409,0,0,526,0,0,0,3,0,0,340,98,12,0E-8
20 May'26,97175,67,0,67,0,0,526,0,0,0,6,0,0,567,195,12,0E-8
19 May'26,97107,38,0,38,0,0,526,-1,0,0,15,1,0,1525,817,23,0E-8
18 May'26,97080,30,0,30,0,0,527,0,0,0,8,0,0,607,262,12,0E-8
17 May'26,97053,26,0,26,0,0,527,0,0,0,10,0,0,451,206,7,0E-8
16 May'26,97036,24,0,24,0,0,527,0,0,0,13,0,0,754,351,27,0E-8
15 May'26,97006,36,0,36,0,0,527,2,0,0,39,0,0,1726,814,62,0E-8
14 May'26,96969,23,0,23,0,0,525,1,0,0,1,0,0,425,133,11,0E-8
13 May'26,96951,37,0,37,0,0,524,0,0,0,7,0,0,637,220,14,0E-8
12 May'26,96916,24,0,24,0,0,524,0,0,0,14,0,0,674,236,23,0E-8
11 May'26,96899,40,0,40,0,0,524,2,0,0,17,0,0,621,295,25,0E-8
10 May'26,96851,32,0,32,0,0,522,0,0,0,7,0,0,482,238,27,0E-8
09 May'26,96830,31,0,31,0,0,522,0,0,0,22,0,0,816,400,46,0E-8
08 May'26,96818,52,0,52,0,0,522,0,0,0,33,0,0,3506,742,128,0E-8
07 May'26,96770,53,0,53,0,0,522,-1,0,0,20,1,0,4185,682,162,0E-8
06 May'26,96720,50,0,50,0,0,523,0,0,0,37,0,0,4806,850,195,0E-8
05 May'26,96672,64,0,64,0,0,523,0,0,0,23,0,0,1559,869,85,0E-8
04 May'26,96616,40,0,40,0,0,523,-2,0,0,40,0,0,1555,799,75,0E-8
03 May'26,96576,27,0,27,0,0,525,0,0,0,1,0,0,241,117,1,0E-8
02 May'26,96548,36,0,36,0,0,525,0,0,0,3,0,0,455,152,21,0E-8
01 May'26,96520,41,0,41,0,0,525,1,0,0,14,0,0,883,481,8,0E-8
30 Apr'26,96472,47,0,47,0,0,524,0,0,0,6,0,0,648,245,22,0E-8
29 Apr'26,96436,43,0,43,0,0,524,0,0,0,8,0,0,684,286,29,0E-8
28 Apr'26,96390,62,0,62,0,0,524,2,0,0,32,0,0,1367,804,42,0E-8
27 Apr'26,96331,49,0,49,0,0,522,0,0,0,8,0,0,915,433,47,0E-8
26 Apr'26,96272,60,0,60,0,0,522,0,0,0,5,0,0,320,140,7,0E-8
25 Apr'26,96214,40,0,40,0,0,522,0,0,0,3,0,0,287,95,32,0E-8
24 Apr'26,96171,72,0,72,0,0,522,0,0,0,1,0,0,343,136,7,0E-8
23 Apr'26,96132,136,0,136,0,0,522,0,0,0,7,0,0,568,187,55,0E-8
22 Apr'26,95931,331,0,331,0,0,522,0,0,0,10,1,0,805,284,29,0E-8
21 Apr'26,95656,84,0,84,0,0,522,1,0,0,31,0,0,1596,810,38,0E-8
20 Apr'26,95616,20,0,20,0,0,521,0,0,0,4,0,0,348,139,9,0E-8
19 Apr'26,95605,4,0,4,0,0,521,0,0,0,2,0,0,237,111,3,0E-8
18 Apr'26,95607,11,0,11,0,0,521,0,0,0,0,0,0,271,129,1,0E-8
17 Apr'26,95597,12,0,12,0,0,521,0,0,0,6,0,0,434,162,9,0E-8
16 Apr'26,95581,25,0,25,0,0,521,0,0,0,11,0,0,271,127,10,0E-8
15 Apr'26,95560,33,0,33,0,0,521,3,0,0,12,0,0,686,341,22,0E-8
14 Apr'26,95505,67,0,67,0,0,518,0,0,0,20,1,0,800,385,17,0E-8
13 Apr'26,95467,12,0,12,0,0,518,0,0,0,24,1,0,1108,513,34,0E-8
12 Apr'26,95455,8,0,8,0,0,518,0,0,0,5,0,0,378,217,6,0E-8
11 Apr'26,95443,8,0,8,0,0,518,0,0,0,33,0,0,689,416,25,0E-8
10 Apr'26,95431,18,0,18,0,0,518,0,0,0,41,0,0,1292,633,48,0E-8
09 Apr'26,95397,32,0,32,0,0,518,0,0,0,18,0,0,957,460,36,0E-8
08 Apr'26,95378,11,0,11,0,0,518,0,0,0,3,0,0,628,232,14,0E-8
07 Apr'26,95391,29,0,29,0,0,518,-2,0,0,10,0,0,531,205,16,0E-8
06 Apr'26,95343,93,0,93,0,0,520,1,0,0,17,0,0,829,380,31,0E-8
05 Apr'26,95302,80,0,80,0,0,519,-1,0,0,23,0,0,923,493,18,0E-8
04 Apr'26,95207,180,0,180,0,0,520,0,0,0,9,0,0,602,225,22,0E-8
03 Apr'26,95042,38,0,38,0,0,520,-1,0,0,24,0,0,890,453,28,0E-8
02 Apr'26,95026,14,0,14,0,0,521,1,0,0,36,0,0,1074,521,37,0E-8
01 Apr'26,95009,17,0,17,0,0,520,0,0,0,8,0,0,834,204,11,0E-8
31 Mar'26,94996,9,0,9,0,0,520,-1,0,0,17,0,0,666,266,23,0E-8
30 Mar'26,94985,24,0,24,0,0,521,1,0,0,21,0,0,994,555,27,0E-8
29 Mar'26,94962,5,0,5,0,0,520,-1,0,0,20,0,0,951,546,70,0E-8
28 Mar'26,94955,8,0,8,0,0,521,1,0,0,6,0,0,623,372,20,0E-8
27 Mar'26,94942,20,0,20,0,0,520,0,0,0,30,2,0,1288,711,65,0E-8
26 Mar'26,94917,36,0,36,0,0,520,0,0,0,33,0,1,1122,506,31,0E-8
25 Mar'26,94890,144,0,144,0,0,520,-1,0,0,23,0,0,1560,688,40,0E-8
24 Mar'26,94739,34,0,34,0,0,521,0,0,0,15,1,1,1720,796,94,0E-8
23 Mar'26,94708,32,0,32,0,0,521,1,0,0,4,0,0,417,169,20,0E-8
22 Mar'26,94676,24,0,24,0,0,520,-1,0,0,1,0,0,344,196,12,0E-8
21 Mar'26,94656,17,0,17,0,0,521,1,0,0,3,0,0,427,279,12,0E-8
20 Mar'26,94639,23,0,23,0,0,520,0,0,0,11,0,0,1211,726,46,0E-8
19 Mar'26,94607,34,0,34,0,0,520,0,0,0,20,0,1,1510,836,80,0E-8
18 Mar'26,94569,34,0,34,0,0,520,0,0,0,37,0,1,1940,1008,122,0E-8
17 Mar'26,94531,38,0,38,0,0,520,-1,0,0,3,0,0,743,215,30,0E-8
16 Mar'26,94407,38,0,38,0,0,521,0,0,0,10,0,0,498,200,10,0E-8
15 Mar'26,94503,20,0,20,0,0,521,1,0,0,2,0,0,314,159,17,0E-8
14 Mar'26,94447,30,0,30,0,0,520,-2,0,0,5,0,0,600,219,14,0E-8
13 Mar'26,94427,26,0,26,0,0,522,0,0,0,15,0,1,1342,592,31,0E-8
12 Mar'26,94386,42,0,42,0,0,522,0,0,0,6,0,0,990,237,21,0E-8
11 Mar'26,94348,47,0,47,0,0,522,0,0,0,11,1,0,871,364,31,0E-8
