Date,Views From,All Pages Views/Total Views,Overview Page Views,About Page Views,People Page Views,Products Page Views,Insights Page Views,Life-At Page Views,Jobs Page View,Career Page Views
09 Jun'26,All,256,92,28,71,11,0,0,54,54
09 Jun'26,All_Unique,92,73,21,29,8,0,0,40,40
09 Jun'26,Desktop,112,41,10,41,1,0,0,19,19
09 Jun'26,Desktop_Unique,42,39,8,12,1,0,0,17,17
09 Jun'26,Mobile,144,51,18,30,10,0,0,35,35
09 Jun'26,Mobile_Unique,50,34,13,17,7,0,0,23,23
08 Jun'26,All,393,160,49,84,29,0,0,71,71
08 Jun'26,All_Unique,126,110,28,42,19,0,0,47,47
08 Jun'26,Desktop,161,81,20,42,4,0,0,14,14
08 Jun'26,Desktop_Unique,54,52,13,24,2,0,0,11,11
08 Jun'26,Mobile,232,79,29,42,25,0,0,57,57
08 Jun'26,Mobile_Unique,72,58,15,18,17,0,0,36,36
07 Jun'26,All,177,68,14,45,13,0,0,37,37
07 Jun'26,All_Unique,70,56,10,19,11,0,0,26,26
07 Jun'26,Desktop,27,11,4,7,0,0,0,5,5
07 Jun'26,Desktop_Unique,13,10,4,4,0,0,0,4,4
07 Jun'26,Mobile,150,57,10,38,13,0,0,32,32
07 Jun'26,Mobile_Unique,57,46,6,15,11,0,0,22,22
06 Jun'26,All,229,71,27,56,22,0,0,53,53
06 Jun'26,All_Unique,72,58,20,34,18,0,0,34,34
06 Jun'26,Desktop,55,28,6,13,3,0,0,5,5
06 Jun'26,Desktop_Unique,23,23,5,9,2,0,0,4,4
06 Jun'26,Mobile,174,43,21,43,19,0,0,48,48
06 Jun'26,Mobile_Unique,49,35,15,25,16,0,0,30,30
05 Jun'26,All,306,117,39,72,19,1,0,58,58
05 Jun'26,All_Unique,104,85,23,37,16,1,0,40,40
05 Jun'26,Desktop,105,45,8,34,1,1,0,16,16
05 Jun'26,Desktop_Unique,36,32,5,17,1,1,0,13,13
05 Jun'26,Mobile,201,72,31,38,18,0,0,42,42
05 Jun'26,Mobile_Unique,69,53,18,21,15,0,0,27,27
04 Jun'26,All,513,192,61,135,30,1,0,94,94
04 Jun'26,All_Unique,160,136,39,51,19,1,0,58,58
04 Jun'26,Desktop,225,99,24,80,3,1,0,18,18
04 Jun'26,Desktop_Unique,69,65,16,25,2,1,0,12,12
04 Jun'26,Mobile,288,93,37,55,27,0,0,76,76
04 Jun'26,Mobile_Unique,91,71,23,26,17,0,0,46,46
03 Jun'26,All,552,196,55,163,20,0,0,118,118
03 Jun'26,All_Unique,179,143,32,67,18,0,0,78,78
03 Jun'26,Desktop,260,91,31,103,3,0,0,32,32
03 Jun'26,Desktop_Unique,70,62,15,33,3,0,0,22,22
03 Jun'26,Mobile,292,105,24,60,17,0,0,86,86
03 Jun'26,Mobile_Unique,110,82,17,34,15,0,0,56,56
02 Jun'26,All,386,158,38,98,17,1,0,74,74
02 Jun'26,All_Unique,141,124,32,43,14,1,0,52,52
02 Jun'26,Desktop,167,75,16,52,0,1,0,23,23
02 Jun'26,Desktop_Unique,65,62,15,25,0,1,0,16,16
02 Jun'26,Mobile,219,83,22,46,17,0,0,51,51
02 Jun'26,Mobile_Unique,77,63,17,19,14,0,0,36,36
01 Jun'26,All,349,142,37,71,14,0,0,85,85
01 Jun'26,All_Unique,134,98,25,34,13,0,0,57,57
01 Jun'26,Desktop,148,80,12,35,1,0,0,20,20
01 Jun'26,Desktop_Unique,54,46,11,15,1,0,0,14,14
01 Jun'26,Mobile,201,62,25,36,13,0,0,65,65
01 Jun'26,Mobile_Unique,80,52,14,19,12,0,0,43,43
31 May'26,All,184,77,24,30,13,0,0,40,40
31 May'26,All_Unique,61,46,18,9,7,0,0,24,24
31 May'26,Desktop,34,21,1,5,0,0,0,7,7
31 May'26,Desktop_Unique,15,15,1,1,0,0,0,5,5
31 May'26,Mobile,150,56,23,25,13,0,0,33,33
31 May'26,Mobile_Unique,46,31,17,8,7,0,0,19,19
30 May'26,All,259,103,27,48,20,0,0,61,61
30 May'26,All_Unique,84,65,20,23,14,0,0,30,30
30 May'26,Desktop,43,22,8,8,1,0,0,4,4
30 May'26,Desktop_Unique,20,16,7,4,1,0,0,3,3
30 May'26,Mobile,216,81,19,40,19,0,0,57,57
30 May'26,Mobile_Unique,65,49,14,19,13,0,0,27,27
29 May'26,All,453,159,55,94,32,4,0,109,109
29 May'26,All_Unique,154,122,39,35,27,4,0,67,67
29 May'26,Desktop,148,60,18,55,1,3,0,11,11
29 May'26,Desktop_Unique,48,44,15,15,1,3,0,11,11
29 May'26,Mobile,305,99,37,39,31,1,0,98,98
29 May'26,Mobile_Unique,107,79,24,20,26,1,0,56,56
28 May'26,All,616,221,63,145,34,0,0,153,153
28 May'26,All_Unique,224,183,47,69,33,0,0,95,95
28 May'26,Desktop,183,80,20,58,2,0,0,23,23
28 May'26,Desktop_Unique,72,65,17,25,2,0,0,21,21
28 May'26,Mobile,433,141,43,87,32,0,0,130,130
28 May'26,Mobile_Unique,152,118,30,44,31,0,0,74,74
27 May'26,All,545,191,71,162,27,1,0,93,93
27 May'26,All_Unique,170,145,43,59,22,1,0,60,60
27 May'26,Desktop,207,73,26,90,2,1,0,15,15
27 May'26,Desktop_Unique,62,59,19,25,2,1,0,13,13
27 May'26,Mobile,338,118,45,72,25,0,0,78,78
27 May'26,Mobile_Unique,108,86,24,34,20,0,0,47,47
26 May'26,All,513,220,48,129,22,5,0,89,89
26 May'26,All_Unique,154,136,35,46,20,5,0,62,62
26 May'26,Desktop,243,123,17,72,0,3,0,28,28
26 May'26,Desktop_Unique,69,68,13,21,0,3,0,21,21
26 May'26,Mobile,270,97,31,57,22,2,0,61,61
26 May'26,Mobile_Unique,87,68,22,26,20,2,0,43,43
25 May'26,All,437,166,55,98,20,0,0,98,98
25 May'26,All_Unique,150,117,33,49,15,0,0,64,64
25 May'26,Desktop,154,80,10,47,0,0,0,17,17
25 May'26,Desktop_Unique,65,59,9,27,0,0,0,15,15
25 May'26,Mobile,283,86,45,51,20,0,0,81,81
25 May'26,Mobile_Unique,85,58,24,22,15,0,0,49,49
24 May'26,All,303,126,29,45,22,0,0,81,81
24 May'26,All_Unique,109,87,22,21,20,0,0,41,41
24 May'26,Desktop,36,19,3,3,3,0,0,8,8
24 May'26,Desktop_Unique,12,11,3,2,2,0,0,4,4
24 May'26,Mobile,267,107,26,42,19,0,0,73,73
24 May'26,Mobile_Unique,97,76,19,19,18,0,0,37,37
23 May'26,All,374,141,40,73,27,0,0,93,93
23 May'26,All_Unique,121,95,25,36,22,0,0,60,60
23 May'26,Desktop,91,49,6,19,1,0,0,16,16
23 May'26,Desktop_Unique,30,29,2,10,1,0,0,13,13
23 May'26,Mobile,283,92,34,54,26,0,0,77,77
23 May'26,Mobile_Unique,91,66,23,26,21,0,0,47,47
22 May'26,All,634,248,76,153,29,0,0,128,128
22 May'26,All_Unique,213,169,47,60,23,0,0,79,79
22 May'26,Desktop,232,119,19,63,5,0,0,26,26
22 May'26,Desktop_Unique,76,72,15,21,4,0,0,18,18
22 May'26,Mobile,402,129,57,90,24,0,0,102,102
22 May'26,Mobile_Unique,138,97,33,39,19,0,0,61,61
21 May'26,All,707,276,73,148,49,0,0,161,161
21 May'26,All_Unique,242,207,51,71,32,0,0,94,94
21 May'26,Desktop,234,111,25,60,2,0,0,36,36
21 May'26,Desktop_Unique,83,77,20,25,2,0,0,27,27
21 May'26,Mobile,473,165,48,88,47,0,0,125,125
21 May'26,Mobile_Unique,162,131,31,47,31,0,0,69,69
20 May'26,All,649,259,90,150,36,0,0,114,114
20 May'26,All_Unique,229,197,57,70,28,0,0,85,85
20 May'26,Desktop,191,82,29,59,0,0,0,21,21
20 May'26,Desktop_Unique,75,70,24,25,0,0,0,15,15
20 May'26,Mobile,458,177,61,91,36,0,0,93,93
20 May'26,Mobile_Unique,158,129,33,46,28,0,0,71,71
19 May'26,All,786,301,83,171,63,1,0,167,167
19 May'26,All_Unique,272,222,61,79,49,1,0,110,110
19 May'26,Desktop,241,115,22,70,3,1,0,30,30
19 May'26,Desktop_Unique,95,85,19,33,3,1,0,21,21
19 May'26,Mobile,545,186,61,101,60,0,0,137,137
19 May'26,Mobile_Unique,179,137,42,46,46,0,0,90,90
18 May'26,All,546,231,51,85,41,0,0,138,138
18 May'26,All_Unique,218,176,40,46,32,0,0,94,94
18 May'26,Desktop,166,91,19,30,3,0,0,23,23
18 May'26,Desktop_Unique,78,72,18,18,2,0,0,20,20
18 May'26,Mobile,380,140,32,55,38,0,0,115,115
18 May'26,Mobile_Unique,141,105,23,29,30,0,0,74,74
17 May'26,All,346,132,30,64,22,0,0,98,98
17 May'26,All_Unique,122,102,21,31,20,0,0,66,66
17 May'26,Desktop,44,20,3,12,0,0,0,9,9
17 May'26,Desktop_Unique,17,16,3,4,0,0,0,8,8
17 May'26,Mobile,302,112,27,52,22,0,0,89,89
17 May'26,Mobile_Unique,105,86,18,27,20,0,0,58,58
16 May'26,All,257,85,30,57,26,0,0,59,59
16 May'26,All_Unique,90,67,18,23,18,0,0,39,39
16 May'26,Desktop,30,19,4,4,0,0,0,3,3
16 May'26,Desktop_Unique,17,17,3,3,0,0,0,2,2
16 May'26,Mobile,227,66,26,53,26,0,0,56,56
16 May'26,Mobile_Unique,73,50,15,20,18,0,0,37,37
15 May'26,All,311,110,40,65,23,1,0,72,72
15 May'26,All_Unique,111,83,23,26,16,1,0,42,42
15 May'26,Desktop,109,48,12,36,1,1,0,11,11
15 May'26,Desktop_Unique,44,38,10,12,1,1,0,9,9
15 May'26,Mobile,202,62,28,29,22,0,0,61,61
15 May'26,Mobile_Unique,67,45,13,14,15,0,0,33,33
14 May'26,All,402,156,46,115,20,0,0,65,65
14 May'26,All_Unique,128,110,33,51,16,0,0,41,41
14 May'26,Desktop,189,87,20,64,8,0,0,10,10
14 May'26,Desktop_Unique,59,57,17,28,4,0,0,9,9
14 May'26,Mobile,213,69,26,51,12,0,0,55,55
14 May'26,Mobile_Unique,71,55,16,23,12,0,0,32,32
13 May'26,All,544,207,41,162,19,0,0,115,115
13 May'26,All_Unique,187,149,28,60,15,0,0,81,81
13 May'26,Desktop,222,88,19,89,3,0,0,23,23
13 May'26,Desktop_Unique,76,65,14,31,2,0,0,21,21
13 May'26,Mobile,322,119,22,73,16,0,0,92,92
13 May'26,Mobile_Unique,111,84,14,29,13,0,0,60,60
12 May'26,All,313,141,29,76,0,1,0,66,66
12 May'26,All_Unique,114,99,23,31,0,1,0,49,49
12 May'26,Desktop,146,75,15,38,0,1,0,17,17
12 May'26,Desktop_Unique,54,52,12,18,0,1,0,14,14
12 May'26,Mobile,167,66,14,38,0,0,0,49,49
12 May'26,Mobile_Unique,61,47,11,14,0,0,0,35,35
11 May'26,All,266,103,27,72,0,1,0,63,63
11 May'26,All_Unique,98,81,19,34,0,1,0,36,36
11 May'26,Desktop,119,53,14,39,0,1,0,12,12
11 May'26,Desktop_Unique,47,44,11,16,0,1,0,9,9
11 May'26,Mobile,147,50,13,33,0,0,0,51,51
11 May'26,Mobile_Unique,51,37,8,18,0,0,0,27,27
10 May'26,All,90,42,11,26,0,0,0,11,11
10 May'26,All_Unique,38,31,8,10,0,0,0,9,9
10 May'26,Desktop,29,13,1,11,0,0,0,4,4
10 May'26,Desktop_Unique,10,9,1,3,0,0,0,4,4
10 May'26,Mobile,61,29,10,15,0,0,0,7,7
10 May'26,Mobile_Unique,28,22,7,7,0,0,0,5,5
09 May'26,All,236,79,37,54,0,0,0,66,66
09 May'26,All_Unique,73,60,29,25,0,0,0,33,33
09 May'26,Desktop,82,33,13,25,0,0,0,11,11
09 May'26,Desktop_Unique,26,24,12,11,0,0,0,9,9
09 May'26,Mobile,154,46,24,29,0,0,0,55,55
09 May'26,Mobile_Unique,47,36,17,14,0,0,0,24,24
08 May'26,All,304,133,29,62,0,1,0,79,79
08 May'26,All_Unique,114,91,19,36,0,1,0,47,47
08 May'26,Desktop,136,72,11,29,0,1,0,23,23
08 May'26,Desktop_Unique,53,50,9,16,0,1,0,16,16
08 May'26,Mobile,168,61,18,33,0,0,0,56,56
08 May'26,Mobile_Unique,63,42,10,21,0,0,0,32,32
07 May'26,All,404,141,40,133,0,2,0,88,88
07 May'26,All_Unique,131,109,34,45,0,1,0,50,50
07 May'26,Desktop,222,83,19,103,0,2,0,15,15
07 May'26,Desktop_Unique,67,62,18,28,0,1,0,11,11
07 May'26,Mobile,182,58,21,30,0,0,0,73,73
07 May'26,Mobile_Unique,66,48,17,17,0,0,0,39,39
06 May'26,All,319,119,50,93,0,0,0,57,57
06 May'26,All_Unique,120,99,26,37,0,0,0,31,31
06 May'26,Desktop,156,62,25,57,0,0,0,12,12
06 May'26,Desktop_Unique,58,53,15,20,0,0,0,10,10
06 May'26,Mobile,163,57,25,36,0,0,0,45,45
06 May'26,Mobile_Unique,62,46,11,17,0,0,0,21,21
05 May'26,All,417,146,38,106,0,0,0,127,127
05 May'26,All_Unique,139,114,28,44,0,0,0,60,60
05 May'26,Desktop,144,58,21,46,0,0,0,19,19
05 May'26,Desktop_Unique,51,47,16,18,0,0,0,13,13
05 May'26,Mobile,273,88,17,60,0,0,0,108,108
05 May'26,Mobile_Unique,88,67,12,26,0,0,0,47,47
04 May'26,All,270,115,24,52,0,0,0,79,79
04 May'26,All_Unique,109,89,22,30,0,0,0,41,41
04 May'26,Desktop,108,58,12,27,0,0,0,11,11
04 May'26,Desktop_Unique,52,48,12,15,0,0,0,10,10
04 May'26,Mobile,162,57,12,25,0,0,0,68,68
04 May'26,Mobile_Unique,58,42,10,15,0,0,0,31,31
03 May'26,All,165,49,18,57,0,0,0,41,41
03 May'26,All_Unique,52,39,11,18,0,0,0,23,23
03 May'26,Desktop,45,20,5,15,0,0,0,5,5
03 May'26,Desktop_Unique,13,12,4,7,0,0,0,5,5
03 May'26,Mobile,120,29,13,42,0,0,0,36,36
03 May'26,Mobile_Unique,39,27,7,11,0,0,0,18,18
02 May'26,All,148,54,20,24,0,0,0,50,50
02 May'26,All_Unique,54,39,13,15,0,0,0,26,26
02 May'26,Desktop,42,16,7,10,0,0,0,9,9
02 May'26,Desktop_Unique,15,11,5,7,0,0,0,5,5
02 May'26,Mobile,106,38,13,14,0,0,0,41,41
02 May'26,Mobile_Unique,39,28,8,8,0,0,0,21,21
01 May'26,All,307,121,30,94,0,0,0,62,62
01 May'26,All_Unique,91,79,25,35,0,0,0,30,30
01 May'26,Desktop,125,54,15,48,0,0,0,8,8
01 May'26,Desktop_Unique,38,37,13,19,0,0,0,7,7
01 May'26,Mobile,182,67,15,46,0,0,0,54,54
01 May'26,Mobile_Unique,53,42,12,16,0,0,0,23,23
30 Apr'26,All,385,153,28,100,0,0,0,104,104
30 Apr'26,All_Unique,121,98,20,45,0,0,0,48,48
30 Apr'26,Desktop,150,72,11,53,0,0,0,14,14
30 Apr'26,Desktop_Unique,50,47,11,21,0,0,0,10,10
30 Apr'26,Mobile,235,81,17,47,0,0,0,90,90
30 Apr'26,Mobile_Unique,72,52,9,24,0,0,0,38,38
29 Apr'26,All,326,136,38,92,0,0,0,60,60
29 Apr'26,All_Unique,118,103,28,47,0,0,0,30,30
29 Apr'26,Desktop,160,80,21,49,0,0,0,10,10
29 Apr'26,Desktop_Unique,66,62,17,26,0,0,0,7,7
29 Apr'26,Mobile,166,56,17,43,0,0,0,50,50
29 Apr'26,Mobile_Unique,52,41,11,21,0,0,0,23,23
28 Apr'26,All,354,135,26,109,0,2,0,82,82
28 Apr'26,All_Unique,134,106,24,51,0,2,0,48,48
28 Apr'26,Desktop,149,74,15,48,0,2,0,10,10
28 Apr'26,Desktop_Unique,60,55,14,26,0,2,0,10,10
28 Apr'26,Mobile,205,61,11,61,0,0,0,72,72
28 Apr'26,Mobile_Unique,76,51,10,27,0,0,0,38,38
27 Apr'26,All,441,154,38,135,0,0,0,114,114
27 Apr'26,All_Unique,142,111,31,51,0,0,0,62,62
27 Apr'26,Desktop,197,73,16,84,0,0,0,24,24
27 Apr'26,Desktop_Unique,61,54,14,30,0,0,0,18,18
27 Apr'26,Mobile,244,81,22,51,0,0,0,90,90
27 Apr'26,Mobile_Unique,82,58,17,21,0,0,0,44,44
26 Apr'26,All,147,56,17,39,0,0,0,35,35
26 Apr'26,All_Unique,55,45,12,15,0,0,0,24,24
26 Apr'26,Desktop,38,21,3,9,0,0,0,5,5
26 Apr'26,Desktop_Unique,14,14,3,4,0,0,0,4,4
26 Apr'26,Mobile,109,35,14,30,0,0,0,30,30
26 Apr'26,Mobile_Unique,41,31,9,11,0,0,0,20,20
25 Apr'26,All,196,71,26,43,0,0,0,56,56
25 Apr'26,All_Unique,67,52,17,21,0,0,0,29,29
25 Apr'26,Desktop,63,28,7,15,0,0,0,13,13
25 Apr'26,Desktop_Unique,18,17,5,7,0,0,0,7,7
25 Apr'26,Mobile,133,43,19,28,0,0,0,43,43
25 Apr'26,Mobile_Unique,49,35,12,14,0,0,0,22,22
24 Apr'26,All,338,130,41,71,0,1,0,95,95
24 Apr'26,All_Unique,118,93,32,30,0,1,0,49,49
24 Apr'26,Desktop,149,70,17,44,0,0,0,18,18
24 Apr'26,Desktop_Unique,52,48,15,16,0,0,0,12,12
24 Apr'26,Mobile,189,60,24,27,0,1,0,77,77
24 Apr'26,Mobile_Unique,69,48,17,14,0,1,0,38,38
23 Apr'26,All,437,167,33,105,0,1,0,131,131
23 Apr'26,All_Unique,145,111,21,45,0,1,0,65,65
23 Apr'26,Desktop,167,75,21,57,0,1,0,13,13
23 Apr'26,Desktop_Unique,50,47,14,21,0,1,0,11,11
23 Apr'26,Mobile,270,92,12,48,0,0,0,118,118
23 Apr'26,Mobile_Unique,96,65,7,24,0,0,0,55,55
22 Apr'26,All,618,243,48,169,0,0,0,158,158
22 Apr'26,All_Unique,215,180,39,76,0,0,0,82,82
22 Apr'26,Desktop,218,96,18,87,0,0,0,17,17
22 Apr'26,Desktop_Unique,76,69,18,31,0,0,0,13,13
22 Apr'26,Mobile,400,147,30,82,0,0,0,141,141
22 Apr'26,Mobile_Unique,141,112,21,45,0,0,0,69,69
21 Apr'26,All,336,136,32,84,0,1,0,83,83
21 Apr'26,All_Unique,130,107,22,33,0,1,0,50,50
21 Apr'26,Desktop,156,72,15,53,0,1,0,15,15
21 Apr'26,Desktop_Unique,65,62,11,19,0,1,0,13,13
21 Apr'26,Mobile,180,64,17,31,0,0,0,68,68
21 Apr'26,Mobile_Unique,65,45,11,14,0,0,0,37,37
20 Apr'26,All,246,94,31,76,0,0,0,45,45
20 Apr'26,All_Unique,82,67,21,31,0,0,0,31,31
20 Apr'26,Desktop,107,47,7,43,0,0,0,10,10
20 Apr'26,Desktop_Unique,38,35,6,16,0,0,0,9,9
20 Apr'26,Mobile,139,47,24,33,0,0,0,35,35
20 Apr'26,Mobile_Unique,46,33,15,15,0,0,0,22,22
19 Apr'26,All,111,36,12,38,0,0,0,25,25
19 Apr'26,All_Unique,33,22,8,15,0,0,0,13,13
19 Apr'26,Desktop,19,4,0,15,0,0,0,0,0
19 Apr'26,Desktop_Unique,6,4,0,3,0,0,0,0,0
19 Apr'26,Mobile,92,32,12,23,0,0,0,25,25
19 Apr'26,Mobile_Unique,27,18,8,12,0,0,0,13,13
18 Apr'26,All,186,62,33,49,0,0,0,42,42
18 Apr'26,All_Unique,60,44,18,23,0,0,0,29,29
18 Apr'26,Desktop,47,20,7,14,0,0,0,6,6
18 Apr'26,Desktop_Unique,17,16,6,7,0,0,0,5,5
18 Apr'26,Mobile,139,42,26,35,0,0,0,36,36
18 Apr'26,Mobile_Unique,43,28,12,16,0,0,0,24,24
17 Apr'26,All,310,131,45,82,0,2,0,50,50
17 Apr'26,All_Unique,113,96,26,35,0,1,0,33,33
17 Apr'26,Desktop,139,68,14,44,0,2,0,11,11
17 Apr'26,Desktop_Unique,58,56,12,18,0,1,0,10,10
17 Apr'26,Mobile,171,63,31,38,0,0,0,39,39
17 Apr'26,Mobile_Unique,55,40,14,17,0,0,0,23,23
16 Apr'26,All,156,70,17,24,0,0,0,45,45
16 Apr'26,All_Unique,64,51,13,16,0,0,0,28,28
16 Apr'26,Desktop,54,32,4,12,0,0,0,6,6
16 Apr'26,Desktop_Unique,28,26,3,9,0,0,0,5,5
16 Apr'26,Mobile,102,38,13,12,0,0,0,39,39
16 Apr'26,Mobile_Unique,36,25,10,7,0,0,0,23,23
15 Apr'26,All,354,159,25,101,0,0,0,69,69
15 Apr'26,All_Unique,131,115,20,40,0,0,0,46,46
15 Apr'26,Desktop,182,85,9,69,0,0,0,19,19
15 Apr'26,Desktop_Unique,59,57,8,23,0,0,0,14,14
15 Apr'26,Mobile,172,74,16,32,0,0,0,50,50
15 Apr'26,Mobile_Unique,72,58,12,17,0,0,0,32,32
14 Apr'26,All,380,160,46,83,0,3,0,88,88
14 Apr'26,All_Unique,130,115,29,37,0,2,0,51,51
14 Apr'26,Desktop,147,67,17,45,0,3,0,15,15
14 Apr'26,Desktop_Unique,47,46,12,19,0,2,0,10,10
14 Apr'26,Mobile,233,93,29,38,0,0,0,73,73
14 Apr'26,Mobile_Unique,85,70,17,19,0,0,0,42,42
13 Apr'26,All,322,125,31,99,0,1,0,66,66
13 Apr'26,All_Unique,103,81,17,42,0,1,0,41,41
13 Apr'26,Desktop,150,70,7,59,0,0,0,14,14
13 Apr'26,Desktop_Unique,54,51,7,24,0,0,0,11,11
13 Apr'26,Mobile,172,55,24,40,0,1,0,52,52
13 Apr'26,Mobile_Unique,50,31,10,18,0,1,0,30,30
12 Apr'26,All,123,54,11,27,0,0,0,31,31
12 Apr'26,All_Unique,51,43,8,16,0,0,0,20,20
12 Apr'26,Desktop,26,16,2,7,0,0,0,1,1
12 Apr'26,Desktop_Unique,12,12,2,4,0,0,0,1,1
12 Apr'26,Mobile,97,38,9,20,0,0,0,30,30
12 Apr'26,Mobile_Unique,39,31,6,12,0,0,0,19,19
11 Apr'26,All,117,38,16,44,0,0,0,19,19
11 Apr'26,All_Unique,50,33,10,17,0,0,0,14,14
11 Apr'26,Desktop,33,14,4,13,0,0,0,2,2
11 Apr'26,Desktop_Unique,13,12,3,4,0,0,0,2,2
11 Apr'26,Mobile,84,24,12,31,0,0,0,17,17
11 Apr'26,Mobile_Unique,37,21,7,13,0,0,0,12,12
10 Apr'26,All,324,124,43,87,0,1,0,69,69
10 Apr'26,All_Unique,108,90,21,46,0,1,0,43,43
10 Apr'26,Desktop,149,69,16,49,0,1,0,14,14
10 Apr'26,Desktop_Unique,57,53,12,25,0,1,0,12,12
10 Apr'26,Mobile,175,55,27,38,0,0,0,55,55
10 Apr'26,Mobile_Unique,52,38,10,21,0,0,0,32,32
09 Apr'26,All,388,161,45,106,0,2,0,74,74
09 Apr'26,All_Unique,134,107,33,46,0,1,0,53,53
09 Apr'26,Desktop,181,85,16,62,0,2,0,16,16
09 Apr'26,Desktop_Unique,59,57,15,25,0,1,0,12,12
09 Apr'26,Mobile,207,76,29,44,0,0,0,58,58
09 Apr'26,Mobile_Unique,77,52,18,23,0,0,0,41,41
08 Apr'26,All,308,118,40,81,0,1,0,68,68
08 Apr'26,All_Unique,115,88,28,37,0,1,0,52,52
08 Apr'26,Desktop,132,63,12,41,0,1,0,15,15
08 Apr'26,Desktop_Unique,51,47,9,15,0,1,0,15,15
08 Apr'26,Mobile,176,55,28,40,0,0,0,53,53
08 Apr'26,Mobile_Unique,64,41,19,22,0,0,0,37,37
07 Apr'26,All,306,129,37,66,0,0,0,74,74
07 Apr'26,All_Unique,125,97,24,37,0,0,0,50,50
07 Apr'26,Desktop,140,73,22,28,0,0,0,17,17
07 Apr'26,Desktop_Unique,59,52,14,19,0,0,0,16,16
07 Apr'26,Mobile,166,56,15,38,0,0,0,57,57
07 Apr'26,Mobile_Unique,68,46,10,18,0,0,0,36,36
06 Apr'26,All,375,142,38,90,0,1,0,104,104
06 Apr'26,All_Unique,151,112,28,49,0,1,0,71,71
06 Apr'26,Desktop,146,69,13,40,0,0,0,24,24
06 Apr'26,Desktop_Unique,61,52,12,22,0,0,0,23,23
06 Apr'26,Mobile,229,73,25,50,0,1,0,80,80
06 Apr'26,Mobile_Unique,91,60,16,27,0,1,0,49,49
05 Apr'26,All,267,94,34,66,0,2,0,71,71
05 Apr'26,All_Unique,107,76,22,32,0,2,0,44,44
05 Apr'26,Desktop,49,22,6,11,0,1,0,9,9
05 Apr'26,Desktop_Unique,20,18,6,6,0,1,0,6,6
05 Apr'26,Mobile,218,72,28,55,0,1,0,62,62
05 Apr'26,Mobile_Unique,87,58,16,26,0,1,0,38,38
04 Apr'26,All,393,155,59,105,0,0,0,74,74
04 Apr'26,All_Unique,137,112,32,46,0,0,0,47,47
04 Apr'26,Desktop,30,18,1,4,0,0,0,7,7
04 Apr'26,Desktop_Unique,19,17,1,4,0,0,0,7,7
04 Apr'26,Mobile,363,137,58,101,0,0,0,67,67
04 Apr'26,Mobile_Unique,120,96,31,42,0,0,0,41,41
03 Apr'26,All,321,114,48,81,0,2,0,76,76
03 Apr'26,All_Unique,110,86,35,42,0,1,0,49,49
03 Apr'26,Desktop,96,41,16,23,0,0,0,16,16
03 Apr'26,Desktop_Unique,36,33,11,16,0,0,0,12,12
03 Apr'26,Mobile,225,73,32,58,0,2,0,60,60
03 Apr'26,Mobile_Unique,74,53,24,26,0,1,0,37,37
02 Apr'26,All,337,119,44,97,0,0,0,77,77
02 Apr'26,All_Unique,141,99,32,41,0,0,0,55,55
02 Apr'26,Desktop,140,66,16,49,0,0,0,9,9
02 Apr'26,Desktop_Unique,60,52,15,21,0,0,0,8,8
02 Apr'26,Mobile,197,53,28,48,0,0,0,68,68
02 Apr'26,Mobile_Unique,82,48,17,20,0,0,0,47,47
01 Apr'26,All,272,122,44,51,0,0,0,55,55
01 Apr'26,All_Unique,101,78,30,32,0,0,0,37,37
01 Apr'26,Desktop,112,60,15,25,0,0,0,12,12
01 Apr'26,Desktop_Unique,43,37,14,17,0,0,0,8,8
01 Apr'26,Mobile,160,62,29,26,0,0,0,43,43
01 Apr'26,Mobile_Unique,58,41,16,15,0,0,0,29,29
31 Mar'26,All,292,133,30,68,0,0,0,61,61
31 Mar'26,All_Unique,107,89,25,29,0,0,0,43,43
31 Mar'26,Desktop,123,64,17,30,0,0,0,12,12
31 Mar'26,Desktop_Unique,47,44,15,14,0,0,0,9,9
31 Mar'26,Mobile,169,69,13,38,0,0,0,49,49
31 Mar'26,Mobile_Unique,60,45,10,15,0,0,0,34,34
30 Mar'26,All,286,118,28,79,0,0,0,61,61
30 Mar'26,All_Unique,119,93,21,43,0,0,0,44,44
30 Mar'26,Desktop,115,56,11,33,0,0,0,15,15
30 Mar'26,Desktop_Unique,48,44,9,17,0,0,0,12,12
30 Mar'26,Mobile,171,62,17,46,0,0,0,46,46
30 Mar'26,Mobile_Unique,71,49,12,26,0,0,0,32,32
29 Mar'26,All,113,45,12,20,0,0,0,36,36
29 Mar'26,All_Unique,46,34,10,11,0,0,0,23,23
29 Mar'26,Desktop,19,12,3,2,0,0,0,2,2
29 Mar'26,Desktop_Unique,9,8,3,2,0,0,0,1,1
29 Mar'26,Mobile,94,33,9,18,0,0,0,34,34
29 Mar'26,Mobile_Unique,37,26,7,9,0,0,0,22,22
28 Mar'26,All,165,70,22,32,0,0,0,41,41
28 Mar'26,All_Unique,58,47,13,16,0,0,0,30,30
28 Mar'26,Desktop,68,28,10,14,0,0,0,16,16
28 Mar'26,Desktop_Unique,19,18,7,6,0,0,0,13,13
28 Mar'26,Mobile,97,42,12,18,0,0,0,25,25
28 Mar'26,Mobile_Unique,40,30,7,10,0,0,0,18,18
27 Mar'26,All,358,135,51,108,0,0,0,64,64
27 Mar'26,All_Unique,117,90,30,49,0,0,0,42,42
27 Mar'26,Desktop,156,62,17,63,0,0,0,14,14
27 Mar'26,Desktop_Unique,58,45,13,29,0,0,0,12,12
27 Mar'26,Mobile,202,73,34,45,0,0,0,50,50
27 Mar'26,Mobile_Unique,59,45,17,20,0,0,0,30,30
26 Mar'26,All,433,179,38,117,0,0,0,99,99
26 Mar'26,All_Unique,154,111,28,55,0,0,0,68,68
26 Mar'26,Desktop,191,98,17,51,0,0,0,25,25
26 Mar'26,Desktop_Unique,73,63,13,27,0,0,0,20,20
26 Mar'26,Mobile,242,81,21,66,0,0,0,74,74
26 Mar'26,Mobile_Unique,82,49,15,28,0,0,0,48,48
25 Mar'26,All,594,206,82,161,0,3,0,142,142
25 Mar'26,All_Unique,218,141,45,88,0,2,0,108,108
25 Mar'26,Desktop,196,105,22,38,0,3,0,28,28
25 Mar'26,Desktop_Unique,91,77,14,26,0,2,0,23,23
25 Mar'26,Mobile,398,101,60,123,0,0,0,114,114
25 Mar'26,Mobile_Unique,128,64,31,63,0,0,0,85,85
24 Mar'26,All,633,211,109,164,0,0,0,149,149
24 Mar'26,All_Unique,233,146,67,84,0,0,0,119,119
24 Mar'26,Desktop,201,107,19,44,0,0,0,31,31
24 Mar'26,Desktop_Unique,84,69,16,25,0,0,0,24,24
24 Mar'26,Mobile,432,104,90,120,0,0,0,118,118
24 Mar'26,Mobile_Unique,149,77,51,59,0,0,0,95,95
23 Mar'26,All,352,136,44,106,0,0,0,66,66
23 Mar'26,All_Unique,124,102,30,43,0,0,0,45,45
23 Mar'26,Desktop,178,75,17,68,0,0,0,18,18
23 Mar'26,Desktop_Unique,60,58,14,22,0,0,0,13,13
23 Mar'26,Mobile,174,61,27,38,0,0,0,48,48
23 Mar'26,Mobile_Unique,64,44,16,21,0,0,0,32,32
22 Mar'26,All,149,54,16,33,0,0,0,46,46
22 Mar'26,All_Unique,64,47,12,21,0,0,0,33,33
22 Mar'26,Desktop,35,15,4,9,0,0,0,7,7
22 Mar'26,Desktop_Unique,16,14,3,7,0,0,0,4,4
22 Mar'26,Mobile,114,39,12,24,0,0,0,39,39
22 Mar'26,Mobile_Unique,48,33,9,14,0,0,0,29,29
21 Mar'26,All,122,47,9,37,0,0,0,29,29
21 Mar'26,All_Unique,44,29,7,17,0,0,0,22,22
21 Mar'26,Desktop,38,17,4,15,0,0,0,2,2
21 Mar'26,Desktop_Unique,11,11,3,6,0,0,0,2,2
21 Mar'26,Mobile,84,30,5,22,0,0,0,27,27
21 Mar'26,Mobile_Unique,34,19,4,12,0,0,0,20,20
20 Mar'26,All,216,89,30,49,0,1,0,47,47
20 Mar'26,All_Unique,82,63,21,27,0,1,0,35,35
20 Mar'26,Desktop,80,42,8,20,0,1,0,9,9
20 Mar'26,Desktop_Unique,31,30,6,12,0,1,0,8,8
20 Mar'26,Mobile,136,47,22,29,0,0,0,38,38
20 Mar'26,Mobile_Unique,51,33,15,15,0,0,0,27,27
19 Mar'26,All,359,119,35,147,0,0,0,58,58
19 Mar'26,All_Unique,104,80,23,54,0,0,0,33,33
19 Mar'26,Desktop,147,53,13,70,0,0,0,11,11
19 Mar'26,Desktop_Unique,43,39,11,24,0,0,0,9,9
19 Mar'26,Mobile,212,66,22,77,0,0,0,47,47
19 Mar'26,Mobile_Unique,63,42,12,30,0,0,0,25,25
18 Mar'26,All,394,167,69,81,0,0,0,77,77
18 Mar'26,All_Unique,143,110,55,37,0,0,0,57,57
18 Mar'26,Desktop,149,70,26,41,0,0,0,12,12
18 Mar'26,Desktop_Unique,53,48,22,17,0,0,0,11,11
18 Mar'26,Mobile,245,97,43,40,0,0,0,65,65
18 Mar'26,Mobile_Unique,91,63,33,20,0,0,0,47,47
17 Mar'26,All,545,209,71,135,0,2,0,128,128
17 Mar'26,All_Unique,194,155,50,58,0,2,0,79,79
17 Mar'26,Desktop,222,104,22,75,0,2,0,19,19
17 Mar'26,Desktop_Unique,72,68,20,27,0,2,0,18,18
17 Mar'26,Mobile,323,105,49,60,0,0,0,109,109
17 Mar'26,Mobile_Unique,123,87,30,31,0,0,0,62,62
16 Mar'26,All,522,196,56,137,0,2,0,131,131
16 Mar'26,All_Unique,178,145,39,62,0,1,0,76,76
16 Mar'26,Desktop,203,93,17,72,0,0,0,21,21
16 Mar'26,Desktop_Unique,73,68,15,31,0,0,0,16,16
16 Mar'26,Mobile,319,103,39,65,0,2,0,110,110
16 Mar'26,Mobile_Unique,105,77,24,31,0,1,0,60,60
15 Mar'26,All,147,69,11,24,0,0,0,43,43
15 Mar'26,All_Unique,59,49,8,13,0,0,0,27,27
15 Mar'26,Desktop,37,17,4,10,0,0,0,6,6
15 Mar'26,Desktop_Unique,12,11,3,5,0,0,0,5,5
15 Mar'26,Mobile,110,52,7,14,0,0,0,37,37
15 Mar'26,Mobile_Unique,47,38,5,8,0,0,0,22,22
14 Mar'26,All,203,64,26,47,0,0,0,66,66
14 Mar'26,All_Unique,63,43,20,21,0,0,0,37,37
14 Mar'26,Desktop,52,27,6,14,0,0,0,5,5
14 Mar'26,Desktop_Unique,22,18,5,6,0,0,0,4,4
14 Mar'26,Mobile,151,37,20,33,0,0,0,61,61
14 Mar'26,Mobile_Unique,41,25,15,15,0,0,0,33,33
13 Mar'26,All,348,151,36,95,0,1,0,65,65
13 Mar'26,All_Unique,130,106,27,40,0,1,0,37,37
13 Mar'26,Desktop,154,86,11,44,0,0,0,13,13
13 Mar'26,Desktop_Unique,58,56,10,20,0,0,0,10,10
13 Mar'26,Mobile,194,65,25,51,0,1,0,52,52
13 Mar'26,Mobile_Unique,73,51,17,20,0,1,0,27,27
12 Mar'26,All,380,176,37,71,0,0,0,96,96
12 Mar'26,All_Unique,124,105,23,35,0,0,0,60,60
12 Mar'26,Desktop,177,103,9,44,0,0,0,21,21
12 Mar'26,Desktop_Unique,54,53,8,18,0,0,0,19,19
12 Mar'26,Mobile,203,73,28,27,0,0,0,75,75
12 Mar'26,Mobile_Unique,71,53,15,17,0,0,0,42,42
11 Mar'26,All,413,153,41,138,0,1,0,80,80
11 Mar'26,All_Unique,148,116,28,57,0,1,0,51,51
11 Mar'26,Desktop,196,88,14,83,0,1,0,10,10
11 Mar'26,Desktop_Unique,68,61,12,31,0,1,0,10,10
11 Mar'26,Mobile,217,65,27,55,0,0,0,70,70
11 Mar'26,Mobile_Unique,80,55,16,26,0,0,0,41,41
